,ROC-AUC,PR-AUC,Brier,ECE,TP,TN,FP,FN,Precision,Sensitivity
Logistic Regression (Isotonic),0.7056633695301581,0.7391818784467324,0.21277569983936442,0.060132805814192655,426.0,168.0,187.0,98.0,0.6949429037520392,0.8129770992366412
Logistic Regression (Platt),0.6255725190839695,0.6647776976063118,0.3310580204778157,0.08873720136518772,446.0,142.0,213.0,78.0,0.6767830045523521,0.851145038167939
Gradient Boosting (Isotonic),0.6648908719492527,0.7082408645111995,0.2218229774201697,0.025976324695501835,439.0,134.0,221.0,85.0,0.6651515151515152,0.8377862595419847
Gradient Boosting (Platt),0.6066256316525105,0.6534171899814528,0.3503981797497156,0.10125142207053468,435.0,136.0,219.0,89.0,0.6651376146788991,0.8301526717557252
XGBoost (Isotonic),0.6508762498656059,0.6987637336256898,0.22652002084752695,0.048630665233429966,406.0,148.0,207.0,118.0,0.6623164763458401,0.7748091603053435
XGBoost (Platt),0.6041715944522095,0.6520531944864955,0.35494880546075086,0.10921501706484642,428.0,139.0,216.0,96.0,0.6645962732919255,0.816793893129771
