"term","OR","CI_low","CI_high","p_value"
"airq_quartileQ2",0.969355638286284,0.756064753999875,1.24281729641052,0.806086052530626
"airq_quartileQ3",1.00220314515967,0.735533634681812,1.36555433607388,0.988875425120226
"airq_quartileQ4_high",1.04632197367116,0.775012947582252,1.41260823577521,0.767472706856345
"sexmale",0.968660666831105,0.654986610198891,1.43255369324383,0.873283178549295
"age_band31-40",0.879289776768264,0.418496905770773,1.84744618387374,0.734156174181993
"age_band41-50",0.596865631536972,0.289591202060364,1.23017750392766,0.16193874200294
"age_band51-66",0.733535457515548,0.344968237869888,1.55977915751041,0.420779505912703
"prev_attacks",1.02075130258935,0.999247063791046,1.04271832211832,0.0586692016286045
