"","Df","Sum Sq","Mean Sq","F value","Pr(>F)"
"medication ",2,1.56173555483629,0.780867777418146,12.7865176930097,8.52288747164186e-06
"Residuals  ",130,7.93905060795833,0.0610696200612179,NA,NA
