"medication","mean_attacks","sd_attacks","n"
"none",0.43970928476952,0.287414489986842,25
"reduced",0.781946899694773,0.177199084808911,26
"continuing",0.6610094147454,0.25267684381011,82
