,count,mean,std,min,25%,50%,75%,max
rownames,4152.0,2076.5,1198.7234877151611,1.0,1038.75,2076.5,3114.25,4152.0
id,4152.0,66.38680154142583,39.12181248576858,1.0,33.0,67.0,100.0,133.0
time,4152.0,15.455684007707129,21.737211110674057,-29.0,3.0,12.0,24.0,99.0
dos,4152.0,646.7059248554913,335.770123012948,98.0,384.0,623.0,950.0,1239.0
age,4152.0,42.363921001926784,11.201243987490061,18.0,33.0,44.0,50.0,66.0
airq,4152.0,24.826011560693644,9.514274239168625,3.0,18.0,24.0,29.0,73.0
