sens_medication,sens_fase,sens_airq,sens_airq_prev_mean
1,0.5980971204282489,0.6319161568008838,0.605396667348918
0.5980971204282489,1,0.9724556404187598,0.9634276677103315
0.6319161568008838,0.9724556404187598,1,0.9849564574513917
0.605396667348918,0.9634276677103315,0.9849564574513917,1
