"term","OR","CI_low","CI_high","p_value"
"treatment_phaseUnder treatment",0.631502730374313,0.262667853126899,1.51825087738296,0.304407991000919
"sexmale",0.694415784514338,0.335731750649569,1.43630526707613,0.325351605005531
"age_band31-40",0.446524810415065,0.144829614552745,1.37668257235883,0.160463119355309
"age_band41-50",0.565239617857364,0.211408376991823,1.51127325294161,0.255538688458528
"age_band51-66",1.49803215034334,0.614074849575123,3.65444102622829,0.374403019126889
"medicationnone",0.520218242577876,0.247555212680048,1.09319863226061,0.0845607383515375
"medicationreduced",2.08653868867532,1.10866095487186,3.92693878160625,0.0226239566388366
"prev_attacks",1.03291922711538,1.00110993581173,1.06573922760994,0.0424063142121317
